Node;Adjacent Nodes
Polban;Kosan Dy Culture Maranatha, Kosan Maranatha, Kosan The Setraria One Maranatha, Kosan Grhya Sahitya Sarijadi, Kosan Sarijadi Raya, Kosan Sarijadi, Kosan Bu Nita Sarijadi, Kosan Erka Sarijadi, Kosan Bapak Yusup Sarijadi, Kosan 75 Sarijadi, Kosan Sarijadi Ummu Asfar, Kosan Sarijadi Cijerokaso, Kosan Pariwisata 15, Kosan Parwis 22, Kosan Frank House, Kosan Admasetiabudhi Garden View
Kosan Dy Culture Maranatha;Polban, Kosan Grhya Sahitya Sarijadi
Kosan Maranatha;Polban, Kosan The Setraria One Maranatha, Kosan Beat
Kosan The Setraria One Maranatha;Polban, Kosan Maranatha
Kosan Grhya Sahitya Sarijadi;Polban, Kosan Dy Culture Maranatha, Kosan Sarijadi Cijerokaso
Kosan Sarijadi Raya;Polban, Kosan Sarijadi, Kosan Erka Sarijadi, Kosan Rizka I, Kosan Leskos, Kosan Sarimah
Kosan Sarijadi;Polban, Kosan Sarijadi Raya, Kosan Bu Nita Sarijadi, Kosan Summer House, Kosan Bu Neneng, Kosan DaKost Single, Kosan Sari Asih
Kosan Bu Nita Sarijadi;Polban, Kosan Sarijadi, Kosan Bapak Yusup Sarijadi, Kosan Ana, Kosan Pondok Lathifah, Kosan Leskos
Kosan Erka Sarijadi;Polban, Kosan Sarijadi Raya, Kosan Orange, Kosan Pondok Lathifah
Kosan Bapak Yusup Sarijadi;Polban, Kosan Bu Nita Sarijadi
Kosan 75 Sarijadi;Polban, Kosan Sarijadi Ummu Asfar, Kosan Peach Home
Kosan Sarijadi Ummu Asfar;Polban, Kosan 75 Sarijadi, Kosan Jimin, Kosan Peach Home
Kosan Sarijadi Cijerokaso;Polban, Kosan Grhya Sahitya Sarijadi
Kosan Pariwisata 15;Polban, Kosan Parwis 22
Kosan Parwis 22;Polban, Kosan Pariwisata 15
Kosan Frank House;Polban, Kosan Admasetiabudhi Garden View, Kosan Elite Ddr 203, Kosan Sri Yuningsih
Kosan Admasetiabudhi Garden View;Polban, Kosan Frank House, Kosan Sri Yuningsih, Kosan Elite Ddr 203
Kosan Summer House;Kosan Sarijadi, Kosan Sarimah
Kosan Rizka I;Kosan Sarijadi Raya, Kosan Sari Asih
Kosan Ana;Kosan Bu Nita Sarijadi, Kosan Leskos
Kosan Orange;Kosan Erka Sarijadi, Kosan Pondok Lathifah
Kosan Bu Neneng;Kosan Sarijadi, Kosan Elite Ddr 203
Kosan Beat;Kosan Maranatha, Kosan Sri Yuningsih
Kosan Jimin;Kosan Sarijadi Ummu Asfar, Kosan Peach Home
Kosan DaKost Single;Kosan Sarijadi, Kosan Peach Home
Kosan Sarimah;Kosan Sarijadi Raya, Kosan Summer House, Kosan Sari Asih, Kosan Leskos
Kosan Sari Asih;Kosan Sarijadi, Kosan Rizka I, Kosan Sarimah, Kosan Pondok Lathifah
Kosan Leskos;Kosan Sarijadi Raya, Kosan Bu Nita Sarijadi, Kosan Ana, Kosan Sarimah
Kosan Pondok Lathifah;Kosan Bu Nita Sarijadi, Kosan Erka Sarijadi, Kosan Orange, Kosan Sari Asih
Kosan Elite Ddr 203;Kosan Frank House, Kosan Admasetiabudhi Garden View, Kosan Bu Neneng, Kosan Sri Yuningsih
Kosan Sri Yuningsih;Kosan Frank House, Kosan Admasetiabudhi Garden View, Kosan Beat, Kosan Elite Ddr 203
Kosan Peach Home;Kosan 75 Sarijadi, Kosan Sarijadi Ummu Asfar, Kosan Jimin, Kosan DaKost Single
;
Node;Adjacent Nodes
Polban;Kosan Cibogo SM91, Kosan Cibogo Atas, Kosan Vika Cibogo Pperintis Sarijadi, Kosan Sariwangi Cihanjuang, Kosan Cihanjuang, Kosan Sariwangi Indah
Kosan Cibogo SM91;Polban, Kosan Cibogo Atas, Kosan Chelsea Home, Kosan Ikhwan
Kosan Cibogo Atas;Polban, Kosan Cibogo SM91, Kosan Vika Cibogo Pperintis Sarijadi, Kosan My Home
Kosan Vika Cibogo Pperintis Sarijadi;Polban, Kosan Cibogo Atas, Kosan Na Jeges 98 Babakan
Kosan Na Jeges 98 Babakan;Kosan Vika Cibogo Pperintis Sarijadi
Kosan Chelsea Home;Kosan Cibogo SM91
Kosan My Home;Kosan Cibogo Atas
Kosan Ikhwan;Kosan Cibogo SM91
Kosan Sariwangi Cihanjuang;Polban, Kosan Cihanjuang, Kosan Mutiara
Kosan Cihanjuang;Polban, Kosan Sariwangi Cihanjuang, Kosan Sariwangi Indah, Kosan Aibay
Kosan Sariwangi Indah;Polban, Kosan Cihanjuang, Kosan Nyonya Residence
Kosan Nyonya Residence;Kosan Sariwangi Indah
Kosan Aibay;Kosan Cihanjuang
Kosan Mutiara;Kosan Sariwangi Cihanjuang
;
;
Node;Adjacent Nodes
Polban;Kosan Gegerkalong Hilir, Kosan Adem Gegerkalong, Kosan Geger Kalong Hilir Belakang
Kosan Gegerkalong Hilir;Polban, Kosan Adem Gegerkalong, Kosan Verta Living, Kosan DHomey 1, Kosan G, Kosan Rennicks
Kosan Adem Gegerkalong;Polban, Kosan Gegerkalong Hilir, Kosan Geger Kalong Hilir Belakang, Kosan TCA Tujuh
Kosan Geger Kalong Hilir Belakang;Polban, Kosan Adem Gegerkalong
Kosan Verta Living;Kosan Gegerkalong Hilir, Kosan Westlondoncoliving, Kosan Blue Sky
Kosan Westlondoncoliving;Kosan Verta Living, Kosan E House
Kosan DHomey 1;Kosan Gegerkalong Hilir
Kosan TCA Tujuh;Kosan Adem Gegerkalong
Kosan E House;Kosan Westlondoncoliving
Kosan Blue Sky;Kosan Verta Living
Kosan G;Kosan Gegerkalong Hilir
Kosan Rennicks;Kosan Gegerkalong Hilir
